,recall,precision,f1,f2,balanced,auc
0,0.9545454545454546,0.8709677419354839,0.9108433734939759,0.9365708622398414,0.9139243109831345,0.9753873577402989
1,0.9508196721311475,0.9206349206349206,0.9354838709677419,0.9446254071661238,0.9353028841939159,0.976330323485579
2,0.9315789473684211,0.9672131147540983,0.9490616621983914,0.9384941675503712,0.9478254018279231,0.9829183737787582
3,0.9560439560439561,0.925531914893617,0.9405405405405406,0.9497816593886463,0.9442055529012051,0.9797473058342624
4,0.900523560209424,0.9052631578947369,0.9028871391076115,0.9014675052410901,0.8947062245491564,0.9658716307930967
