,recall,precision,f1,f2,balanced,auc
0,0.8762886597938144,0.8854166666666666,0.8808290155440415,0.878099173553719,0.8796336915990348,0.9591741610002193
1,0.8969072164948454,0.8405797101449275,0.8678304239401496,0.8850457782299085,0.8541678939617083,0.9464212076583212
2,0.8390804597701149,0.8538011695906432,0.8463768115942029,0.8419838523644751,0.8519726623174899,0.931981981981982
3,0.845771144278607,0.8673469387755102,0.8564231738035264,0.85,0.8627003869541183,0.9424405749032615
4,0.884393063583815,0.8315217391304348,0.8571428571428571,0.8732876712328768,0.85208025272214,0.9392391450463772
