,recall,precision,f1,f2,balanced,auc
0,0.9696969696969697,0.909952606635071,0.9388753056234719,0.9571286141575274,0.9418620595091183,0.9845513963161021
1,0.9453551912568307,0.9453551912568307,0.9453551912568307,0.9453551912568307,0.9459396277139769,0.9868209578913533
2,0.9263157894736842,0.9887640449438202,0.9565217391304348,0.9381663113006397,0.9571698707847462,0.9832335329341317
3,0.9230769230769231,0.9230769230769231,0.9230769230769231,0.9230769230769231,0.9277220364176886,0.9787121091468918
4,0.9162303664921466,0.8838383838383839,0.8997429305912596,0.9095634095634095,0.8871275289250857,0.9719475147049319
