,recall,precision,f1,f2,balanced,auc
0,0.865979381443299,0.8983957219251337,0.8818897637795275,0.8722741433021807,0.8824577758280325,0.9521824961614389
1,0.9072164948453608,0.8543689320388349,0.88,0.8961303462321792,0.8678939617083947,0.941119293078056
2,0.8160919540229885,0.8402366863905325,0.8279883381924198,0.8208092485549133,0.8350730040385212,0.9269493631562598
3,0.8407960199004975,0.8711340206185567,0.8556962025316456,0.8466933867735471,0.8625276395798784,0.9398954302561268
4,0.8786127167630058,0.8216216216216217,0.8491620111731844,0.8665906499429875,0.8433761258233634,0.9301317381368464
