,recall,precision,f1,f2,balanced,auc
0,0.9226804123711341,0.9226804123711341,0.9226804123711341,0.9226804123711341,0.9214465891642905,0.967372230752358
1,0.9432989690721649,0.9289340101522843,0.9360613810741688,0.9403905447070915,0.9316494845360825,0.9846244477172312
2,0.896551724137931,0.9397590361445783,0.9176470588235294,0.9048723897911833,0.9212488350419386,0.9684995340167754
3,0.9402985074626866,0.9043062200956937,0.9219512195121952,0.932872655478776,0.923852957435047,0.9813663165653215
4,0.9479768786127167,0.8961748633879781,0.9213483146067416,0.9371428571428572,0.9187558811668235,0.9721400725904019
