,recall,precision,f1,f2,balanced,auc
0,0.9848484848484849,0.9112149532710281,0.9466019417475728,0.9691848906560636,0.9494378170848758,0.9882307235248411
1,0.9726775956284153,0.9468085106382979,0.9595687331536388,0.967391304347826,0.9596008298997691,0.9834604482627626
2,0.9210526315789473,0.9510869565217391,0.9358288770053476,0.926906779661017,0.9335802080050426,0.9832020170185942
3,0.9395604395604396,0.9,0.9193548387096774,0.9313725490196079,0.9238864999734565,0.977384933906673
4,0.9214659685863874,0.8888888888888888,0.9048843187660668,0.9147609147609148,0.8928317497252924,0.9633831038717602
