,recall,precision,f1,f2,balanced,auc
0,0.9444444444444444,0.8697674418604651,0.9055690072639225,0.9285004965243296,0.9088738059326295,0.9765528589058
1,0.9453551912568307,0.9057591623036649,0.9251336898395722,0.9371614301191766,0.924549253382426,0.9775284182227288
2,0.9157894736842105,0.9405405405405406,0.928,0.9206349206349206,0.9249606051055783,0.9735581468641664
3,0.8681318681318682,0.8926553672316384,0.8802228412256268,0.8729281767955801,0.8881722142591708,0.9659446833359876
4,0.8900523560209425,0.8762886597938144,0.8831168831168831,0.8872651356993737,0.8709521039363972,0.9491952685669962
