,recall,precision,f1,f2,balanced,auc
0,0.8711340206185567,0.898936170212766,0.8848167539267016,0.8765560165975104,0.8850350954156614,0.9598184908971266
1,0.9536082474226805,0.9585492227979274,0.9560723514211886,0.9545923632610939,0.9539469808541974,0.9870692194403535
2,0.9080459770114943,0.9186046511627907,0.9132947976878613,0.9101382488479263,0.9161851506679093,0.9714041627834731
3,0.9253731343283582,0.9207920792079208,0.9230769230769231,0.9244532803180915,0.9256495301271421,0.9782107978625391
4,0.9421965317919075,0.9157303370786517,0.9287749287749287,0.9367816091954023,0.927493614733163,0.9817515795133754
