,recall,precision,f1,f2,balanced,auc
0,0.9494949494949495,0.9038461538461539,0.9261083743842364,0.94,0.9294986059691942,0.9806549659490836
1,0.9453551912568307,0.9301075268817204,0.9376693766937669,0.9422657952069716,0.9379182373396453,0.9740217994798516
2,0.9157894736842105,0.9666666666666667,0.9405405405405406,0.925531914893617,0.9399306649858179,0.9794201071541128
3,0.8681318681318682,0.9028571428571428,0.8851540616246498,0.8748615725359912,0.893003132133567,0.9652014652014651
4,0.9057591623036649,0.8871794871794871,0.8963730569948186,0.9019812304483837,0.8849783465839312,0.9611854437334367
