,recall,precision,f1,f2,balanced,auc
0,0.8814432989690721,0.9193548387096774,0.9,0.8887733887733887,0.9008280324632595,0.9623958104847554
1,0.9484536082474226,0.9435897435897436,0.9460154241645244,0.9474768280123584,0.9427982326951398,0.9850957290132547
2,0.896551724137931,0.9122807017543859,0.9043478260869565,0.8996539792387543,0.907735321528425,0.9672103137620378
3,0.9104477611940298,0.9242424242424242,0.9172932330827067,0.9131736526946108,0.9205016583747927,0.9752625760088447
4,0.9364161849710982,0.8950276243093923,0.9152542372881356,0.9278350515463918,0.9129755343460142,0.9739548326387956
