,recall,precision,f1,f2,balanced,auc
0,0.9175257731958762,0.9175257731958762,0.9175257731958762,0.9175257731958762,0.9162096951085764,0.9730203992103532
1,0.9742268041237113,0.9310344827586207,0.9521410579345088,0.965270684371808,0.9471134020618557,0.9895729013254786
2,0.9252873563218391,0.9096045197740112,0.9173789173789174,0.9221076746849943,0.9194004349176763,0.9746194470332401
3,0.9552238805970149,0.927536231884058,0.9411764705882353,0.9495548961424333,0.9428897180762852,0.9858116823290952
4,0.9710982658959537,0.9180327868852459,0.9438202247191011,0.96,0.9419444817851861,0.9821884661916924
