,recall,precision,f1,f2,balanced,auc
0,0.9595959595959596,0.8796296296296297,0.9178743961352657,0.9424603174603174,0.9209744503862151,0.976187211481329
1,0.9344262295081968,0.9293478260869565,0.9318801089918256,0.9334061135371179,0.9324537564653284,0.973159755705561
2,0.9052631578947369,0.9662921348314607,0.9347826086956522,0.9168443496801706,0.934667507091081,0.9760006303183109
3,0.8736263736263736,0.9137931034482759,0.8932584269662921,0.8813747228381374,0.9005813027552159,0.9665684556988905
4,0.8795811518324608,0.8795811518324608,0.8795811518324608,0.8795811518324608,0.8688029215952427,0.9508758322021846
