,recall,precision,f1,f2,balanced,auc
0,0.9545454545454546,0.8873239436619719,0.9197080291970803,0.9402985074626866,0.9229740847387906,0.9741875771287536
1,0.9508196721311475,0.93048128342246,0.9405405405405406,0.9466811751904244,0.9406504777768037,0.9773676981970135
2,0.8789473684210526,0.9542857142857143,0.915068493150685,0.893048128342246,0.915521588402143,0.9795304128584934
3,0.8956043956043956,0.9055555555555556,0.9005524861878453,0.8975770925110133,0.9067393958698307,0.9720231459361894
4,0.8795811518324608,0.9230769230769231,0.900804289544236,0.8879492600422833,0.8965806993730205,0.9616055846422339
