,recall,precision,f1,f2,balanced,auc
0,0.9747474747474747,0.9234449760765551,0.9484029484029484,0.964035964035964,0.9511746423511129,0.986539604186663
1,0.9781420765027322,0.93717277486911,0.9572192513368984,0.9696641386782232,0.9569854767540399,0.9777621928055872
2,0.9368421052631579,0.967391304347826,0.9518716577540107,0.9427966101694916,0.9504569807752916,0.9791364639142767
3,0.9615384615384616,0.9308510638297872,0.9459459459459459,0.9552401746724891,0.9493682645856559,0.9860115729680947
4,0.9214659685863874,0.8934010152284264,0.9072164948453608,0.9157127991675338,0.8959181694783789,0.9626720961799495
