,recall,precision,f1,f2,balanced,auc
0,0.9226804123711341,0.9040404040404041,0.9132653061224489,0.9188911704312115,0.91080829129195,0.9667416100021935
1,0.9587628865979382,0.9393939393939394,0.9489795918367347,0.9548254620123203,0.9450957290132548,0.9862739322533136
2,0.896551724137931,0.9176470588235294,0.9069767441860465,0.9006928406466512,0.9104380242311276,0.970425598011805
3,0.9651741293532339,0.9238095238095239,0.9440389294403893,0.9566074950690335,0.9455500276395798,0.9884144094343099
4,0.953757225433526,0.9269662921348315,0.9401709401709402,0.9482758620689655,0.9390879150423443,0.9729802392794731
