,recall,precision,f1,f2,balanced,auc
0,0.9278350515463918,0.9090909090909091,0.9183673469387755,0.9240246406570842,0.916045185347664,0.9716769028295679
1,0.9690721649484536,0.9170731707317074,0.9423558897243107,0.9582059123343527,0.9359646539027981,0.9892488954344625
2,0.9367816091954023,0.9367816091954023,0.9367816091954023,0.9367816091954023,0.9386610748679715,0.975147561354458
3,0.9601990049751243,0.9234449760765551,0.9414634146341463,0.9526159921026653,0.9430624654505251,0.9896351575456053
4,0.9595375722543352,0.9273743016759777,0.9431818181818182,0.9529276693455798,0.941978088452749,0.9785925527624681
