,recall,precision,f1,f2,balanced,auc
0,0.8762886597938144,0.8629441624365483,0.8695652173913043,0.8735868448098664,0.8663358192586094,0.9516889668787015
1,0.9432989690721649,0.905940594059406,0.9242424242424242,0.9355828220858896,0.9173637702503682,0.9816494845360826
2,0.8735632183908046,0.8786127167630058,0.8760806916426513,0.8745684695051784,0.8800248524386456,0.954287045666356
3,0.9402985074626866,0.875,0.9064748201438849,0.9264705882352942,0.9076492537313433,0.9760456974387323
4,0.9479768786127167,0.9111111111111111,0.9291784702549575,0.9403669724770642,0.9274768113993817,0.9663261191020299
