,recall,precision,f1,f2,balanced,auc
0,0.8917525773195877,0.9351351351351351,0.9129287598944591,0.9001040582726326,0.9139613950427725,0.966577100241281
1,0.9536082474226805,0.925,0.9390862944162437,0.9477459016393442,0.9339469808541974,0.9872754050073638
2,0.8908045977011494,0.9281437125748503,0.9090909090909091,0.8980301274623407,0.9129698664181423,0.9684374029201614
3,0.9353233830845771,0.9082125603864735,0.9215686274509803,0.9297725024727992,0.923680210060807,0.9776810392482035
4,0.9421965317919075,0.8956043956043956,0.9183098591549296,0.9324942791762014,0.915865707756419,0.9727785992740958
