,recall,precision,f1,f2,balanced,auc
0,0.865979381443299,0.9180327868852459,0.8912466843501327,0.8759124087591241,0.8930960737003729,0.9560347663961395
1,0.9432989690721649,0.9104477611940298,0.9265822784810127,0.9365404298874105,0.920220913107511,0.988100147275405
2,0.867816091954023,0.9207317073170732,0.893491124260355,0.877906976744186,0.8987729108418764,0.9531686859273067
3,0.9303482587064676,0.9166666666666666,0.9234567901234568,0.9275793650793651,0.925822277501382,0.9737423991155336
4,0.9479768786127167,0.9060773480662984,0.9265536723163842,0.9392898052691867,0.9245698346551956,0.9710646592283909
