,recall,precision,f1,f2,balanced,auc
0,0.8556701030927835,0.8736842105263158,0.8645833333333334,0.8592132505175983,0.8640052643123493,0.9462053081816189
1,0.9278350515463918,0.9230769230769231,0.9254498714652957,0.9268795056642637,0.9210603829160531,0.9798821796759942
2,0.8735632183908046,0.8786127167630058,0.8760806916426513,0.8745684695051784,0.8800248524386456,0.9512270891581237
3,0.9353233830845771,0.8867924528301887,0.910411622276029,0.9251968503937008,0.912106135986733,0.9739036299981573
4,0.9190751445086706,0.8932584269662921,0.905982905982906,0.9137931034482759,0.9043050141148004,0.9665949724425327
